timestamp,network_mode,state,duplex_mode,cell_id,rsrp,rsrq,sinr,avg_neighbor_rsrp,avg_neighbor_rsrq,avg_neighbor_sinr,bandwidth,cell_changed,rssi,band
1742715181.6379597,NR5G-SA,"""NOCONN""","""TDD""",A120C0002,-65,-7,24,0,0,0,100,1,25,NR N41
1742715182.7478018,NR5G-SA,"""NOCONN""","""TDD""",A120C0002,-65,-7,24,0,0,0,100,0,25,NR N41
1742715183.8363473,NR5G-SA,"""NOCONN""","""TDD""",A120C0002,-65,-7,24,0,0,0,100,0,25,NR N41
1742715184.9243324,NR5G-SA,"""NOCONN""","""TDD""",A120C0002,-65,-7,24,0,0,0,100,0,25,NR N41
1742715186.0122259,NR5G-SA,"""NOCONN""","""TDD""",A120C0002,-65,-7,23,0,0,0,100,0,25,NR N41
1742715187.1005177,NR5G-SA,"""NOCONN""","""TDD""",A120C0002,-65,-7,22,0,0,0,100,0,25,NR N41
1742715188.1871371,NR5G-SA,"""CONNECT""","""TDD""",A120C0002,-65,-7,22,0,0,0,100,0,25,NR N41
1742715189.2307205,NR5G-SA,"""CONNECT""","""TDD""",A120C0002,-65,-7,22,0,0,0,100,0,25,NR N41
1742715190.2883341,NR5G-SA,"""CONNECT""","""TDD""",A120C0002,-65,-7,22,0,0,0,100,0,25,NR N41
1742715191.3318288,NR5G-SA,"""CONNECT""","""TDD""",A120C0002,-65,-7,23,0,0,0,100,0,25,NR N41
1742715192.3730462,NR5G-SA,"""CONNECT""","""TDD""",A120C0002,-65,-7,23,0,0,0,100,0,25,NR N41
1742715193.416511,NR5G-SA,"""CONNECT""","""TDD""",A120C0002,-65,-7,23,0,0,0,100,0,25,NR N41
1742715194.4689324,NR5G-SA,"""CONNECT""","""TDD""",A120C0002,-64,-7,24,0,0,0,100,0,25,NR N41
1742715195.530383,NR5G-SA,"""CONNECT""","""TDD""",A120C0002,-64,-7,24,0,0,0,100,0,25,NR N41
1742715196.577433,NR5G-SA,"""CONNECT""","""TDD""",A120C0002,-64,-7,24,0,0,0,100,0,25,NR N41
1742715197.6238756,NR5G-SA,"""CONNECT""","""TDD""",A120C0002,-64,-7,25,0,0,0,100,0,25,NR N41
1742715198.6634402,NR5G-SA,"""CONNECT""","""TDD""",A120C0002,-64,-7,25,0,0,0,100,0,25,NR N41
1742715199.7117386,NR5G-SA,"""CONNECT""","""TDD""",A120C0002,-64,-7,25,0,0,0,100,0,25,NR N41
1742715200.7605555,NR5G-SA,"""CONNECT""","""TDD""",A120C0002,-64,-7,25,0,0,0,100,0,25,NR N41
1742715201.8185284,NR5G-SA,"""CONNECT""","""TDD""",A120C0002,-64,-7,25,0,0,0,100,0,25,NR N41
1742715202.8942108,NR5G-SA,"""CONNECT""","""TDD""",A120C0002,-64,-7,25,0,0,0,100,0,25,NR N41
1742715203.949107,NR5G-SA,"""CONNECT""","""TDD""",A120C0002,-64,-7,25,0,0,0,100,0,25,NR N41
1742715204.7499287,NR5G-SA,"""CONNECT""","""TDD""",A120C0002,-64,-7,25,0,0,0,100,0,25,NR N41
1742715205.79112,NR5G-SA,"""CONNECT""","""TDD""",A120C0002,-64,-6,25,0,0,0,100,0,25,NR N41
1742715206.8465328,NR5G-SA,"""NOCONN""","""TDD""",A120C0002,-68,-9,25,0,0,0,100,0,24,NR N41
1742715207.4494824,NR5G-SA,"""NOCONN""","""TDD""",A120C0002,-68,-9,25,0,0,0,100,0,24,NR N41
1742715208.5323532,NR5G-SA,"""NOCONN""","""TDD""",A120C0002,-65,-7,14,0,0,0,100,0,24,NR N41
1742715209.6156852,NR5G-SA,"""NOCONN""","""TDD""",A120C0002,-66,-7,15,0,0,0,100,0,24,NR N41
1742715210.6990066,NR5G-SA,"""NOCONN""","""TDD""",A120C0002,-66,-6,21,0,0,0,100,0,24,NR N41
1742715211.7804632,NR5G-SA,"""NOCONN""","""TDD""",A120C0002,-65,-6,23,0,0,0,100,0,24,NR N41
1742715212.8646536,NR5G-SA,"""NOCONN""","""TDD""",A120C0002,-65,-6,23,0,0,0,100,0,24,NR N41
1742715213.9223676,NR5G-SA,"""NOCONN""","""TDD""",A120C0002,-65,-6,23,0,0,0,100,0,24,NR N41
1742715215.0021362,NR5G-SA,"""NOCONN""","""TDD""",A120C0002,-66,-6,24,0,0,0,100,0,24,NR N41
1742715216.0900066,NR5G-SA,"""NOCONN""","""TDD""",A120C0002,-66,-7,14,0,0,0,100,0,24,NR N41
1742715363.9137058,NR5G-SA,"""NOCONN""","""TDD""",A120C0002,-64,-7,25,0,0,0,100,1,25,NR N41
1742715364.9928668,NR5G-SA,"""NOCONN""","""TDD""",A120C0002,-64,-7,25,0,0,0,100,0,25,NR N41
1742715366.0434709,NR5G-SA,"""NOCONN""","""TDD""",A120C0002,-64,-7,25,0,0,0,100,0,25,NR N41
1742715367.0982707,NR5G-SA,"""NOCONN""","""TDD""",A120C0002,-64,-7,25,0,0,0,100,0,25,NR N41
1742715368.1562598,NR5G-SA,"""NOCONN""","""TDD""",A120C0002,-64,-7,25,0,0,0,100,0,25,NR N41
1742715369.215783,NR5G-SA,"""NOCONN""","""TDD""",A120C0002,-64,-7,25,0,0,0,100,0,25,NR N41
1742715370.2706099,NR5G-SA,"""NOCONN""","""TDD""",A120C0002,-64,-7,26,0,0,0,100,0,25,NR N41
1742715371.3267593,NR5G-SA,"""NOCONN""","""TDD""",A120C0002,-64,-7,25,0,0,0,100,0,25,NR N41
1742715372.3829517,NR5G-SA,"""NOCONN""","""TDD""",A120C0002,-64,-7,24,0,0,0,100,0,25,NR N41
1742715373.4386952,NR5G-SA,"""NOCONN""","""TDD""",A120C0002,-64,-7,25,0,0,0,100,0,25,NR N41
1742715374.4950902,NR5G-SA,"""NOCONN""","""TDD""",A120C0002,-64,-7,25,0,0,0,100,0,25,NR N41
1742715375.5490751,NR5G-SA,"""NOCONN""","""TDD""",A120C0002,-64,-7,24,0,0,0,100,0,25,NR N41
1742715499.587962,NR5G-SA,CONNECT,TDD,A120C0002,-64,-7,23,-13,-75,-1,100,1,25,NR N41
1742715500.63431,NR5G-SA,CONNECT,TDD,A120C0002,-64,-7,22,-13,-75,0,100,0,25,NR N41
1742715501.6789513,NR5G-SA,CONNECT,TDD,A120C0002,-64,-7,22,-13,-75,0,100,0,25,NR N41
1742715502.7274878,NR5G-SA,CONNECT,TDD,A120C0002,-63,-7,22,-13,-75,0,100,0,25,NR N41
1742715503.7748013,NR5G-SA,CONNECT,TDD,A120C0002,-63,-7,22,-13,-76,0,100,0,25,NR N41
1742715504.8422596,NR5G-SA,CONNECT,TDD,A120C0002,-63,-7,21,-13,-76,0,100,0,25,NR N41
1742715505.8946123,NR5G-SA,CONNECT,TDD,A120C0002,-63,-7,21,-13,-76,-1,100,0,25,NR N41
1742715506.9553947,NR5G-SA,NOCONN,TDD,A120C0002,-67,-9,21,0,0,0,100,0,24,NR N41
1742715508.0163693,NR5G-SA,NOCONN,TDD,A120C0002,-65,-7,23,0,0,0,100,0,24,NR N41
1742715509.1020668,NR5G-SA,NOCONN,TDD,A120C0002,-65,-7,26,0,0,0,100,0,24,NR N41
1742715510.1786153,NR5G-SA,NOCONN,TDD,A120C0002,-65,-7,26,0,0,0,100,0,24,NR N41
1742715511.2339184,NR5G-SA,NOCONN,TDD,A120C0002,-64,-7,26,0,0,0,100,0,24,NR N41
1742715512.3154674,NR5G-SA,NOCONN,TDD,A120C0002,-66,-6,20,0,0,0,100,0,24,NR N41
1742715513.3909955,NR5G-SA,NOCONN,TDD,A120C0002,-65,-8,16,0,0,0,100,0,24,NR N41
1742715514.4648075,NR5G-SA,NOCONN,TDD,A120C0002,-65,-8,15,0,0,0,100,0,24,NR N41
1742715515.5496516,NR5G-SA,NOCONN,TDD,A120C0002,-65,-7,21,0,0,0,100,0,24,NR N41
1742715516.632606,NR5G-SA,NOCONN,TDD,A120C0002,-65,-7,21,0,0,0,100,0,24,NR N41
1742715597.928966,NR5G-SA,NOCONN,TDD,A120C0002,-65,-7,26,0,0,0,100,1,24,NR N41
1742715598.9895153,NR5G-SA,NOCONN,TDD,A120C0002,-65,-7,26,0,0,0,100,0,24,NR N41
1742715600.0555813,NR5G-SA,NOCONN,TDD,A120C0002,-65,-7,26,0,0,0,100,0,24,NR N41
1742715601.117488,NR5G-SA,NOCONN,TDD,A120C0002,-65,-7,26,0,0,0,100,0,24,NR N41
1742715602.1784463,NR5G-SA,NOCONN,TDD,A120C0002,-65,-7,26,0,0,0,100,0,24,NR N41
1742715603.245447,NR5G-SA,NOCONN,TDD,A120C0002,-65,-7,26,0,0,0,100,0,24,NR N41
1742715604.330609,NR5G-SA,NOCONN,TDD,A120C0002,-65,-7,26,0,0,0,100,0,24,NR N41
1742715605.40502,NR5G-SA,NOCONN,TDD,A120C0002,-65,-7,25,0,0,0,100,0,24,NR N41
1742715606.4605894,NR5G-SA,NOCONN,TDD,A120C0002,-64,-7,25,0,0,0,100,0,24,NR N41
1742715607.514907,NR5G-SA,NOCONN,TDD,A120C0002,-64,-7,25,0,0,0,100,0,24,NR N41
1742715608.6001508,NR5G-SA,NOCONN,TDD,A120C0002,-64,-7,25,0,0,0,100,0,24,NR N41
1742715609.6869316,NR5G-SA,NOCONN,TDD,A120C0002,-64,-7,25,0,0,0,100,0,24,NR N41
1742715610.7703507,NR5G-SA,NOCONN,TDD,A120C0002,-65,-7,21,0,0,0,100,0,24,NR N41
1742715611.827328,NR5G-SA,NOCONN,TDD,A120C0002,-64,-7,25,0,0,0,100,0,24,NR N41
1742715612.8829226,NR5G-SA,NOCONN,TDD,A120C0002,-64,-7,26,0,0,0,100,0,24,NR N41
1742715613.9364977,NR5G-SA,NOCONN,TDD,A120C0002,-64,-7,26,0,0,0,100,0,24,NR N41
1742715614.9881,NR5G-SA,NOCONN,TDD,A120C0002,-64,-7,26,0,0,0,100,0,24,NR N41
1742715616.043854,NR5G-SA,NOCONN,TDD,A120C0002,-64,-7,26,0,0,0,100,0,24,NR N41
1742715617.0978262,NR5G-SA,NOCONN,TDD,A120C0002,-64,-7,25,0,0,0,100,0,24,NR N41
1742715618.1525283,NR5G-SA,NOCONN,TDD,A120C0002,-64,-7,26,0,0,0,100,0,24,NR N41
1742715619.2090628,NR5G-SA,NOCONN,TDD,A120C0002,-65,-7,25,0,0,0,100,0,24,NR N41
1742715620.264481,NR5G-SA,NOCONN,TDD,A120C0002,-65,-7,25,0,0,0,100,0,24,NR N41
1742715621.317216,NR5G-SA,NOCONN,TDD,A120C0002,-64,-7,26,0,0,0,100,0,24,NR N41
1742715622.3729787,NR5G-SA,NOCONN,TDD,A120C0002,-64,-7,26,0,0,0,100,0,24,NR N41
1742715623.4437397,NR5G-SA,NOCONN,TDD,A120C0002,-64,-7,26,0,0,0,100,0,24,NR N41
1742715624.5308485,NR5G-SA,NOCONN,TDD,A120C0002,-64,-7,25,0,0,0,100,0,24,NR N41
1742715625.6167245,NR5G-SA,NOCONN,TDD,A120C0002,-64,-7,26,0,0,0,100,0,24,NR N41
1742715626.7044103,NR5G-SA,NOCONN,TDD,A120C0002,-64,-7,26,0,0,0,100,0,24,NR N41
1742715627.773802,NR5G-SA,NOCONN,TDD,A120C0002,-64,-7,25,0,0,0,100,0,24,NR N41
1742715628.8423648,NR5G-SA,NOCONN,TDD,A120C0002,-64,-7,26,0,0,0,100,0,24,NR N41
1742715629.9126928,NR5G-SA,NOCONN,TDD,A120C0002,-64,-7,26,0,0,0,100,0,24,NR N41
1742715630.978695,NR5G-SA,NOCONN,TDD,A120C0002,-64,-7,25,0,0,0,100,0,24,NR N41
1742715632.0453937,NR5G-SA,NOCONN,TDD,A120C0002,-64,-7,26,0,0,0,100,0,24,NR N41
1742715633.1114776,NR5G-SA,NOCONN,TDD,A120C0002,-64,-7,26,0,0,0,100,0,24,NR N41
1742715634.177794,NR5G-SA,NOCONN,TDD,A120C0002,-64,-7,26,0,0,0,100,0,24,NR N41
1742715635.2446876,NR5G-SA,NOCONN,TDD,A120C0002,-64,-7,27,0,0,0,100,0,24,NR N41
1742715636.2978268,NR5G-SA,NOCONN,TDD,A120C0002,-64,-7,26,0,0,0,100,0,24,NR N41
1742715637.351652,NR5G-SA,NOCONN,TDD,A120C0002,-65,-7,24,0,0,0,100,0,24,NR N41
1742715638.4086459,NR5G-SA,NOCONN,TDD,A120C0002,-65,-7,26,0,0,0,100,0,24,NR N41
1742715639.4636219,NR5G-SA,NOCONN,TDD,A120C0002,-65,-7,26,0,0,0,100,0,24,NR N41
1742715640.5211625,NR5G-SA,NOCONN,TDD,A120C0002,-65,-7,26,0,0,0,100,0,24,NR N41
1742715641.5770724,NR5G-SA,NOCONN,TDD,A120C0002,-65,-7,25,0,0,0,100,0,24,NR N41
1742715642.6313405,NR5G-SA,NOCONN,TDD,A120C0002,-65,-7,25,0,0,0,100,0,24,NR N41
1742715643.6595402,NR5G-SA,NOCONN,TDD,A120C0002,-65,-7,25,0,0,0,100,0,24,NR N41
1742715644.715542,NR5G-SA,NOCONN,TDD,A120C0002,-65,-7,25,0,0,0,100,0,24,NR N41
1742715645.7669106,NR5G-SA,NOCONN,TDD,A120C0002,-65,-7,25,0,0,0,100,0,24,NR N41
1742715646.8214436,NR5G-SA,NOCONN,TDD,A120C0002,-65,-7,26,0,0,0,100,0,24,NR N41
1742715647.8758397,NR5G-SA,NOCONN,TDD,A120C0002,-65,-7,26,0,0,0,100,0,24,NR N41
1742715648.9272804,NR5G-SA,NOCONN,TDD,A120C0002,-65,-7,24,0,0,0,100,0,24,NR N41
1742715649.9802883,NR5G-SA,NOCONN,TDD,A120C0002,-65,-7,24,0,0,0,100,0,24,NR N41
1742715651.0365639,NR5G-SA,NOCONN,TDD,A120C0002,-65,-7,24,0,0,0,100,0,24,NR N41
1742715652.090352,NR5G-SA,NOCONN,TDD,A120C0002,-65,-7,25,0,0,0,100,0,24,NR N41
1742715864.8884206,NR5G-SA,NOCONN,TDD,A120C0002,-66,-9,21,0,0,0,100,1,24,NR N41
1742715865.9933276,NR5G-SA,NOCONN,TDD,A120C0002,-66,-9,21,0,0,0,100,0,24,NR N41
1742715867.0797765,NR5G-SA,NOCONN,TDD,A120C0002,-65,-8,18,-13,-81,-1,100,0,24,NR N41
1742715868.1648364,NR5G-SA,NOCONN,TDD,A120C0002,-65,-8,16,-13,-81,-1,100,0,24,NR N41
1742715869.2513134,NR5G-SA,NOCONN,TDD,A120C0002,-65,-7,24,-13,-81,-1,100,0,24,NR N41
1742715870.3363626,NR5G-SA,NOCONN,TDD,A120C0002,-64,-7,25,-13,-81,-1,100,0,24,NR N41
1742715871.40968,NR5G-SA,NOCONN,TDD,A120C0002,-65,-7,22,-13,-81,-1,100,0,24,NR N41
1742715872.4946363,NR5G-SA,NOCONN,TDD,A120C0002,-65,-7,23,-13,-81,-1,100,0,24,NR N41
1742715873.5670319,NR5G-SA,NOCONN,TDD,A120C0002,-65,-7,23,-13,-81,-1,100,0,24,NR N41
1742715874.6401534,NR5G-SA,NOCONN,TDD,A120C0002,-64,-7,24,-13,-81,-1,100,0,24,NR N41
1742715875.7119038,NR5G-SA,NOCONN,TDD,A120C0002,-64,-7,25,-13,-81,-1,100,0,24,NR N41
1742715876.7975717,NR5G-SA,NOCONN,TDD,A120C0002,-64,-7,24,-13,-81,-1,100,0,24,NR N41
1742715877.8702765,NR5G-SA,NOCONN,TDD,A120C0002,-64,-7,24,-13,-81,-1,100,0,24,NR N41
1742715878.9390593,NR5G-SA,NOCONN,TDD,A120C0002,-64,-7,24,-13,-81,-1,100,0,24,NR N41
1742715880.0104628,NR5G-SA,NOCONN,TDD,A120C0002,-64,-7,24,-13,-81,-1,100,0,24,NR N41
1742715881.0833623,NR5G-SA,NOCONN,TDD,A120C0002,-65,-7,22,-13,-81,-1,100,0,24,NR N41
1742715901.4375253,NR5G-SA,NOCONN,TDD,A120C0002,-64,-7,25,-13,-81,-1,100,1,25,NR N41
1742715902.5017254,NR5G-SA,NOCONN,TDD,A120C0002,-64,-7,25,-13,-81,-1,100,0,25,NR N41
1742715903.5519044,NR5G-SA,NOCONN,TDD,A120C0002,-63,-7,26,-13,-81,-1,100,0,25,NR N41
1742715904.6059349,NR5G-SA,NOCONN,TDD,A120C0002,-63,-7,26,-13,-81,-1,100,0,25,NR N41
1742715905.6597784,NR5G-SA,NOCONN,TDD,A120C0002,-63,-7,26,-13,-81,-1,100,0,25,NR N41
1742715906.7115881,NR5G-SA,NOCONN,TDD,A120C0002,-63,-7,26,-13,-81,-1,100,0,25,NR N41
1742715907.767091,NR5G-SA,NOCONN,TDD,A120C0002,-63,-7,24,-13,-81,-1,100,0,25,NR N41
1742715908.8215919,NR5G-SA,NOCONN,TDD,A120C0002,-63,-7,24,-13,-81,-1,100,0,25,NR N41
1742715909.8771868,NR5G-SA,NOCONN,TDD,A120C0002,-64,-7,25,-13,-81,-1,100,0,25,NR N41
1742715910.9318497,NR5G-SA,NOCONN,TDD,A120C0002,-64,-7,25,-13,-81,-1,100,0,25,NR N41
1742715911.9853444,NR5G-SA,NOCONN,TDD,A120C0002,-64,-7,25,-13,-81,-1,100,0,25,NR N41
1742715913.0392628,NR5G-SA,NOCONN,TDD,A120C0002,-64,-7,24,-13,-81,-1,100,0,25,NR N41
1742715914.0930908,NR5G-SA,NOCONN,TDD,A120C0002,-64,-7,25,-13,-81,-1,100,0,25,NR N41
1742715915.1485093,NR5G-SA,NOCONN,TDD,A120C0002,-64,-7,24,-13,-81,-1,100,0,25,NR N41
1742715916.2032378,NR5G-SA,NOCONN,TDD,A120C0002,-64,-7,24,-13,-81,-1,100,0,25,NR N41
1742715917.2585547,NR5G-SA,NOCONN,TDD,A120C0002,-64,-7,24,-13,-81,-1,100,0,25,NR N41
1742715918.3135777,NR5G-SA,NOCONN,TDD,A120C0002,-64,-7,24,-13,-81,-1,100,0,25,NR N41
1742715919.3682792,NR5G-SA,NOCONN,TDD,A120C0002,-64,-7,24,-13,-81,-1,100,0,25,NR N41
